nonce, expected earnings, actual earning, tx fee, expected earnings (yen), actual earning (yen), tx fee (yen)
1, 17995191684780, -71077808315220, 89073000000000, 4.999999999999493, -19.749111196000506, 24.749111196
2, 17995191684780, -53989808315220, 71985000000000, 4.999999999999493, -15.001176220000508, 20.001176219999998
3, 17995191684780, -53989808315220, 71985000000000, 4.999999999999493, -15.001176220000508, 20.001176219999998
4, 17995191684780, -53989808315220, 71985000000000, 4.999999999999493, -15.001176220000508, 20.001176219999998
5, 17995191684780, -53989808315220, 71985000000000, 4.999999999999493, -15.001176220000508, 20.001176219999998
6, 17995191684780, -53989808315220, 71985000000000, 4.999999999999493, -15.001176220000508, 20.001176219999998
7, 17995191684780, -53989808315220, 71985000000000, 4.999999999999493, -15.001176220000508, 20.001176219999998
8, 17995191684780, -53977808315220, 71973000000000, 4.999999999999493, -14.997841996000508, 19.997841996
